[
    {
      "heading":"",
      "sub_title": "LE TË NJIHEMIPAK MË MIRË",
       "text": "Doni të zbuloni mënyra për të rritur dhe përmirësuar biznesin tuaj?",
       "text_2": "Përgjigjjuni pyetjeve të mëposhtme dhe ne do të personalizojmë përmbajtjen e Jeta në dyqan sipas nevojave tuaja.",
       "back_link_class": "back_to_intro_btn",
       "back_text":"",
       "next_text":"FILLO DETYRËN",
       "yes_btn_text":"",
       "no_btn_text":"",
       "category":"intro-page",
       "questions":[
          {}
       ]
    }
 ]