[
    {
       "heading":"DYQANI JUAJ<br/>DUKET PERFEKT!",
       "heading_2": "DYQANI JUAJ<br/>DUKET PERFEKT!",
       "extra_quest":"Nuk ka më  nevojë për pyetje",
       "sub_heading":"Ju lutem shihni rezultatin më poshtë.",
       "overall_text":"Pikët tuaja",
       "overall_text_2":"Pikët tuaja",
       "recommend_btn_text":"SHIKONI SUGJERIMET TONA PËR JU",
       "category":"result-page",
       "slider1_title":"SUGJERIMET TONA PËR JU",
       "slider1_high_score":"Zbuloni si mund të vazhdoni të shkëlqeni me përmbajtjen e në vijim, zgjedhur për ju nga \"Jeta në Dyqan\".  Rrëshqit djathtas për ta zbuluar…",
       "slider1_mid_score":"Për momentin, dëshirojmë t'ju sugjerojmë t'i hidhni një sy përmbajtjes  në vijim, zgjedhur për ju nga \"Jeta në Dyqan\".  Rrëshqit djathtas për ta zbuluar…",
       "slider1_low_score":"Ju ndihmojmë të përmirësoni e rrisni biznesin me përmbajtjen në vijim, zgjedhur për ju nga \"Jeta në Dyqan\".  Rrëshqit djathtas për ta zbuluar…",
       "slider2_title":"Mund t'ju pëlqejë…",
       "slider3_subtext":"Dhe mos harroni të shikoni edhe më shumë nga \"Jeta në Dyqan\", të cilën mund ta gjeni në menu.<br><br>Eksploroni dhe shijoni!",
       "slider3_reloadtext":"Kryej detyrën përsëri",
       "slides":[
          {
             "id":1,
             "heading": "",
             "sub_heading": "",

             "slider_items":[
                 {
                    "id": 1,
                    "label":"",
                    "text": "",
                    "img": ""
                 },
                 {
                    "id": 2,
                    "label":"",
                    "text": "",
                    "img": ""
                 },
                  {
                    "id": 3,
                    "label":"",
                    "text": "",
                    "img": ""
                 }

             ]
          },
          {
            "id":2,
            "heading": "",
             "sub_heading": "",
             "slider_items":[
                {
                   "id": 1,
                   "label":"",
                   "text": "",
                   "img": ""
                },
                {
                   "id": 2,
                   "label":"",
                   "text": "",
                   "img": ""
                },
                 {
                   "id": 3,
                   "label":"",
                   "text": "",
                   "img": ""
                }

            ]
         },
         {
            "id":3,
            "heading": "",
             "sub_heading": "",
             "slider_items":[
                {
                   "id": 1,
                   "label":"",
                   "text": "",
                   "img": ""
                },
                {
                   "id": 2,
                   "label":"",
                   "text": "",
                   "img": ""
                },
                 {
                   "id": 3,
                   "label":"",
                   "text": "",
                   "img": ""
                }

            ]
         }

       ]
    }
 ]
