[
    {
       "heading":"PËRMIRËSONI PERFORMANCËN E DYQANIT TUAJ",
       "catch_phrase": "Improve",
       "sub_title":"Na ndihmoni të kuptojmë biznesin tuaj duke iu përgjigjur pyetjeve më poshtë…",
       "back_link_class": "back_to_intro_btn",
       "back_text":"MBRAPA",
       "next_text":"PARA",
       "yes_btn_text":"Po",
       "no_btn_text":"Jo",
       "category":"page-1b",
       "group": "group-1",
       "questions":[
         
          {
             "id":3,
             "question":"Keni një profil të plotë në Google Business ku blerësit mund t'ju gjejnë"
          },
          {
             "id":4,
             "question":"Dini si të shtyni për një shitje më shumë me reklamim dhe çmime të zgjuara"
          }

       ]
    }
 ]