[
    {
       "heading":"PËRMIRËSONI PERFORMANCËN E DYQANIT TUAJ",
       "catch_phrase": "Improve",
       "sub_title":"Na ndihmoni të kuptojmë biznesin tuaj duke iu përgjigjur pyetjeve më poshtë...",
       "back_link_class": "back_to_intro_btn",
       "back_text":"MBRAPA",
       "next_text":"PARA",
       "yes_btn_text":"Po",
       "no_btn_text":"Jo",
       "category":"page-1",
       "group": "group-1",
       "questions":[

          {
             "id":1,
             "question":"Këtë vit po shisni më shumë se vitin e kaluar"
          },
          {
             "id":2,
             "question":"Në dyqanin tuaj po punoni fort për të tërhequr klientë"
          }

       ]
    }
 ]
