[
    {
       "heading":"PËRMIRËSONI PERFORMANCËN E DYQANIT TUAJ",
       "catch_phrase": "Improve",
       "sub_title":"Na ndihmoni të kuptojmë biznesin tuaj duke iu përgjigjur pyetjeve më poshtë…",
       "back_link_class": "back_to_intro_btn",
       "back_text":"MBRAPA",
       "next_text":"PARA",
       "yes_btn_text":"Po",
       "no_btn_text":"Jo",
       "category":"page-1d",
       "group": "group-1",
       "questions":[

         {
            "id":7,
            "question":"Bëni rregullisht oferta dhe promocione për të tërhequr blerësit e zonës"
         },
         {
            "id":8,
            "question":"Jeni vazhdimisht në kërkim të ideve për të tërhequr blerës të rinj"
         }

       ]
    }
 ]
