[
    {
       "heading":"PËRMIRËSONI PERFORMANCËN E DYQANIT TUAJ",
       "catch_phrase": "Improve",
       "sub_title":"Na ndihmoni të kuptojmë biznesin tuaj duke iu përgjigjur pyetjeve më poshtë…",
       "back_link_class": "back_to_intro_btn",
       "back_text":"MBRAPA",
       "next_text":"PARA",
       "yes_btn_text":"Po",
       "no_btn_text":"Jo",
       "category":"page-1c",
       "group": "group-1",
       "questions":[

          {
            "id":5,
            "question":"Dini kush janë konsumatorët tuaj dhe çfarë nevojash kanë"
         },
         {
            "id":6,
            "question":"I njihni mirë produktet e shportës mesatare"
         }

       ]
    }
 ]
