[
    {
       "heading":"RRISNI EFIKASITETIN NË DYQAN",
       "catch_phrase": "Boost",
       "sub_title":"Le të shohim menaxhimin dhe praktikat aktuale të dyqanit tuaj.",
       "back_text":"MBRAPA",
       "next_text":"PARA",
       "yes_btn_text":"Po",
       "no_btn_text":"Jo",
       "category":"page-2b",
       "group": "group-2",
       "questions":[
         
          {
             "id":3,
             "question":"Kërkoni vazhdimisht mënyra të reja për të thjeshtuar punët në dyqan"
          },
          {
             "id":4,
             "question":"Bëni një inventar fizik minimalisht një herë në vit"
          }

       ]
    }
 ]
