[
    {
       "heading":"RRISNI EFIKASITETIN NË DYQAN",
       "catch_phrase": "Boost",
       "sub_title":"Le të shohim menaxhimin dhe praktikat e dyqanit që keni aktualisht.",
       "back_text":"MBRAPA",
       "next_text":"PARA",
       "yes_btn_text":"Po",
       "no_btn_text":"Jo",
       "category":"page-2",
       "group": "group-2",
       "questions":[
          {
             "id":1,
             "question":"Gjetja e sendeve në magazinën tuaj është e shpejtë dhe e lehtë për punonjësit"
          },
          {
             "id":2,
             "question":"Përgjegjësitë e stafit tuaj janë të shkruara e të përcaktuara qartë"
          }
       ]
    }
 ]
