[
    {
       "heading":"RRISNI EFIKASITETIN NË DYQAN",
       "catch_phrase": "Boost",
       "sub_title":"Le të shohim menaxhimin dhe praktikat aktuale të dyqanit tuaj.",
       "back_text":"MBRAPA",
       "next_text":"PARA",
       "yes_btn_text":"Po",
       "no_btn_text":"Jo",
       "category":"page-2d",
       "group": "group-2",
       "questions":[
         
         {
            "id":7,
            "question":"Ofroni programe motivimi për stafin, bonuse ose komisione"
         }

       ]
    }
 ]
