[
    {
       "heading":"RRISNI EFIKASITETIN NË DYQAN",
       "catch_phrase": "Boost",
       "sub_title":"Le të shohim menaxhimin dhe praktikat aktuale të dyqanit tuaj.",
       "back_text":"MBRAPA",
       "next_text":"PARA",
       "yes_btn_text":"Po",
       "no_btn_text":"Jo",
       "category":"page-2c",
       "group": "group-2",
       "questions":[
         
          {
            "id":5,
            "question":"Ju dini me saktësi kur keni rregulluar secilën prej pajisjeve që keni në dyqan"
         },
         {
            "id":6,
            "question":"E dini mirë sa stok duhet të mbani për secilin produkt"
         }
       ]
    }
 ]