[
    {
       "heading":"PËRVOJA MË E MIRË PËR KLIENTIN",
       "catch_phrase": "Best",
       "sub_title":"Si funksionojnë në dyqanin tuaj gjërat e mëposhtme?",
       "back_text":"MBRAPA",
       "next_text":"PARA",
       "yes_btn_text":"Po",
       "no_btn_text":"Jo",
       "category":"page-3b",
       "group": "group-3",
       "questions":[
         
          {
             "id":3,
             "question":"Ju dini si të vendosni produktet në rafte në mënyrë që klientët t'i gjejnë shpejt"
          },
          {
             "id":4,
             "question":"Dyqani juaj është gjithnjë i pastër, miqësor e mikpritës"
          }
       ]
    }
 ]
