[
    {
       "heading":"PËRVOJA MË E MIRË PËR KLIENTIN",
       "catch_phrase": "Best",
       "sub_title":"Si funksionojnë në dyqanin tuaj gjërat e mëposhtme?",
       "back_text":"MBRAPA",
       "next_text":"PARA",
       "yes_btn_text":"Po",
       "no_btn_text":"Jo",
       "category":"page-3c",
       "group": "group-3",
       "questions":[
         
          {
            "id":5,
            "question":"Stafi juaj di si të zgjidhë problemet e klientëve"
         }

       ]
    }
 ]
