[
    {
       "heading":"PËRVOJA MË E MIRË PËR KLIENTIN",
       "catch_phrase": "Best",
       "sub_title":"Si funksionojnë në dyqanin tuaj gjërat e mëposhtme?",
       "back_text":"MBRAPA",
       "next_text":"PARA",
       "yes_btn_text":"Po",
       "no_btn_text":"Jo",
       "category":"page-3",
       "group": "group-3",
       "questions":[
         
          {
             "id":1,
             "question":"Përveç shitjes së produkteve, u ofroni klientëve edhe shërbime (p.sh. mbledhjen e pakove dhe rimbushjen e telefonit)"
          },
          {
             "id":2,
             "question":"Klientët e kanë të lehtë të gjejnë produktet që duan dhe të paguajnë shpejt për to"
          }

       ]
    }
 ]
